"City of Virginia Beach, Virginia",,,,,,,,,,,,
Expenditures and Revenues,,,,,,,,,,,,
,,,,,,,,,,,,
,,,,,,,,,,FY 2013-14,,FY 2014-15
,,,,,,,,,,,,
,,,,,,,,FY 2012-13,,Adjusted,,Total
,,,,,,,,,,,,
,,,,,,,,Actuals,,Budget,,Request
,,,,,,,,,,,,
002 General Fund,,,,,,,,,,,,
Appropriation Units:,,,,,,,,,,,,
,,,,,,,,,,,,
,Agriculture,,,,,,,"731,051",,"792,300",,"815,543"
,,,,,,,,,,,,
,Benefits Administration,,,,,,,"662,283",,"635,538",,"635,538"
,,,,,,,,,,,,
,Board of Equalization,,,,,,,"8,534",,"9,666",,"9,141"
,,,,,,,,,,,,
,Budget and Management Services,,,,,,,"1,595,912",,"1,538,768",,"1,639,851"
,,,,,,,,,,,,
,Circuit Court,,,,,,,"1,000,917",,"1,097,351",,"1,089,739"
,,,,,,,,,,,,
,City Attorney,,,,,,,"3,697,536",,"4,044,794",,"4,084,871"
,,,,,,,,,,,,
,City Auditor,,,,,,,"628,605",,"663,127",,"688,272"
,,,,,,,,,,,,
,City Clerk,,,,,,,"723,543",,"570,691",,"582,372"
,,,,,,,,,,,,
,City Manager,,,,,,,"2,539,252",,"2,794,735",,"2,825,204"
,,,,,,,,,,,,
,City Real Estate Assessor,,,,,,,"2,988,649",,"3,226,077",,"3,222,977"
,,,,,,,,,,,,
,City Treasurer,,,,,,,"5,124,747",,"5,468,256",,"5,572,935"
,,,,,,,,,,,,
,Clerk of the Circuit Court,,,,,,,"3,005,672",,"3,093,992",,"3,143,523"
,,,,,,,,,,,,
,Commissioner of the Revenue,,,,,,,"4,111,394",,"4,098,122",,"4,198,633"
,,,,,,,,,,,,
,Commonwealth's Attorney,,,,,,,"7,361,326",,"7,801,178",,"7,990,185"
,,,,,,,,,,,,
,Communications and Information Technology,,,,,,,"22,410,814",,"22,650,563",,"23,072,926"
,,,,,,,,,,,,
,Community Organization Grants,,,,,,,"408,698",,"409,126",,"409,126"
,,,,,,,,,,,,
,Computer Replacement Program,,,,,,,0,,"975,709",,"981,412"
,,,,,,,,,,,,
,Convention and Visitor Bureau,,,,,,,"8,166,845",,"8,971,020",,"9,185,890"
,,,,,,,,,,,,
,Cultural Affairs,,,,,,,"1,357,949",,"2,270,763",,"2,228,546"
,,,,,,,,,,,,
,Debt Service,,,,,,,"45,741,032",,"45,083,433",,"49,352,978"
,,,,,,,,,,,,
,Economic Development,,,,,,,"2,343,973",,"2,809,733",,"3,059,915"
,,,,,,,,,,,,
,Emergency Communications and Citizen Services,,,,,,,"8,585,774",,"10,636,796",,"10,338,754"
,,,,,,,,,,,,
,Emergency Medical Services,,,,,,,"7,903,002",,"8,715,441",,"9,056,203"
,,,,,,,,,,,,
,Employee Special Benefits,,,,,,,"5,487,007",,"5,716,592",,"7,808,875"
,,,,,,,,,,,,
,Finance,,,,,,,"4,759,922",,"5,105,735",,"5,148,564"
,,,,,,,,,,,,
,Fire,,,,,,,"43,502,485",,"46,418,047",,"47,373,594"
,,,,,,,,,,,,
,General District Court,,,,,,,"412,841",,"354,118",,"373,039"
,,,,,,,,,,,,
,General Registrar,,,,,,,"1,581,147",,"1,352,411",,"1,378,780"
,,,,,,,,,,,,
,Health,,,,,,,"2,866,303",,"3,131,935",,"3,202,360"
,,,,,,,,,,,,
,Housing and Neighborhood Preservation,,,,,,,"1,683,167",,"1,790,989",,"1,801,299"
,,,,,,,,,,,,
,Human Resources,,,,,,,"3,774,942",,"4,177,462",,"4,318,769"
,,,,,,,,,,,,
,Human Services,,,,,,,"100,285,120",,"107,600,211",,"109,600,169"
,,,,,,,,,,,,
,Independent Financial Services,,,,,,,"103,809",,"153,878",,"153,878"
,,,,,,,,,,,,
,Juvenile and Domestic Relations District Court,,,,,,,"137,973",,"134,689",,"131,995"
,,,,,,,,,,,,
,Juvenile Probation,,,,,,,"1,480,901",,"1,449,304",,"1,652,897"
,,,,,,,,,,,,
,Leases,,,,,,,"1,522,187",,"1,612,227",,"1,658,262"
,,,,,,,,,,,,
,Library,,,,,,,"15,749,741",,"17,766,224",,"17,641,624"
,,,,,,,,,,,,
,Magistrates,,,,,,,"93,400",,"95,514",,"93,604"
,,,,,,,,,,,,
,Municipal Council,,,,,,,"600,222",,"533,110",,"526,441"
,,,,,,,,,,,,
,Museums,,,,,,,"8,981,376",,"11,541,518",,"11,347,390"
,,,,,,,,,,,,
,Parks and Recreation,,,,,,,"12,565,840",,"13,185,015",,"13,655,605"
,,,,,,,,,,,,
,Planning,,,,,,,"9,260,575",,"9,838,639",,"10,340,971"
,,,,,,,,,,,,
,Police,,,,,,,"90,179,189",,"94,163,830",,"95,679,304"
,,,,,,,,,,,,
,Public Works,,,,,,,"63,677,559",,"64,859,279",,"66,339,842"
,,,,,,,,,,,,
,Regional Participation,,,,,,,"2,078,872",,"2,065,720",,"1,875,440"
,,,,,,,,,,,,
,Reserve for Contingencies,,,,,,,0,,"2,740,494",,"5,407,538"
,,,,,,,,,,,,
,Revenue Reimbursements,,,,,,,"15,801,269",,"16,193,730",,"15,385,969"
,,,,,,,,,,,,
,Strategic Growth Area,,,,,,,"5,404,498",,"6,400,547",,"6,936,636"
,,,,,,,,,,,,
Fiscal Year 2014 - 15,,,,,1,,,,Appendix,,,
"City of Virginia Beach, Virginia",,,,,,,,,,,,
Expenditures and Revenues,,,,,,,,,,,,
,,,,,,,,,,,,
,,,,,,,,,,FY 2013-14,,FY 2014-15
,,,,,,,,,,,,
,,,,,,,,FY 2012-13,,Adjusted,,Total
,,,,,,,,,,,,
,,,,,,,,Actuals,,Budget,,Request
,,,,,,,,,,,,
002 General Fund,,,,,,,,,,,,
Appropriation Units:,,,,,,,,,,,,
,,,,,,,,,,,,
,Transfer to Other Funds,,,,,,,"439,580,133",,"422,532,806",,"432,806,319"
,,,,,,,,,,,,
,Vehicle Replacements,,,,,,,"5,422,065",,"6,032,514",,"5,107,514"
,,,,,,,,,,,,
,,Fund 002 Appropriation Totals,,,,,,"968,090,053",,"985,303,717",,"1,011,931,212"
,,,,,,,,,,,,
Revenue Sources:,,,,,,,,,,,,
,,,,,,,,,,,,
,Non-Revenue Receipts,,,,,,,"540,500",,0,,0
,,,,,,,,,,,,
,Revenue From Local Sources,,,,,,,,,,,
,,,,,,,,,,,,
,,Amusement Tax,,,,,,"13,067",,0,,0
,,Automobile License,,,,,,"9,437,635",,"9,419,062",,"9,627,331"
,,Business License,,,,,,"44,224,356",,"42,791,543",,"47,600,886"
,,Charges for Services,,,,,,"34,461,339",,"37,054,562",,"39,593,739"
,,Cigarette Tax,,,,,,"11,033,557",,"12,109,969",,"12,148,649"
,,Fines and Forfeitures,,,,,,"6,150,250",,"6,039,884",,"6,764,458"
,,From the Use of Money and Property,,,,,,"5,202,190",,"5,282,570",,"5,548,179"
,,General Sales Tax,,,,,,"54,978,531",,"57,987,462",,"60,016,191"
,,Hotel Room Tax,,,,,,"5,765,031",,"6,066,374",,"6,017,443"
,,Miscellaneous Revenue,,,,,,"5,982,768",,"6,159,205",,"5,377,859"
,,Other Taxes,,,,,,"17,078,056",,"17,005,932",,"17,617,261"
,,"Permits, Privilege Fees, and Regulatory Licenses",,,,,,"4,421,092",,"4,794,486",,"5,092,563"
,,Personal Property,,,,,,"128,006,413",,"138,576,713",,"137,161,876"
,,Real Estate,,,,,,"440,705,176",,"427,074,330",,"443,222,611"
,,Restaurant Meal Tax,,,,,,"35,134,292",,"37,060,590",,"38,003,613"
,,Utility Tax,,,,,,"44,623,292",,"44,818,891",,"44,895,159"
,Revenue from the Commonwealth,,,,,,,,,,,
,,Other Sources from the Commonwealth,,,,,,"89,990,497",,"95,152,606",,"96,162,033"
,,,,,,,,,,,,
,Revenue from the Federal Government,,,,,,,"17,195,524",,"17,448,209",,"19,144,339"
,,,,,,,,,,,,
,Specific Fund Reserves,,,,,,,0,,"3,116,978",,"2,000,000"
,,,,,,,,,,,,
,Transfers from Other Funds,,,,,,,"14,031,627",,"17,344,351",,"16,772,353"
,,,,,,,,,,,,
,,Fund 002 Revenue Totals,,,,,,"968,975,194",,"985,303,717",,"1,012,766,543"
,,,,,,,,,,,,
098 School Reserve Special Revenue Fund,,,,,,,,,,,,
Appropriation Units:,,,,,,,,,,,,
,,,,,,,,,,,,
,Transfer to Other Funds,,,,,,,"11,000,000",,"14,000,000",,"16,000,000"
,,,,,,,,,,,,
,,Fund 098 Appropriation Totals,,,,,,"11,000,000",,"14,000,000",,"16,000,000"
,,,,,,,,,,,,
Revenue Sources:,,,,,,,,,,,,
,,,,,,,,,,,,
,Specific Fund Reserves,,,,,,,0,,"14,000,000",,"16,000,000"
,,,,,,,,,,,,
,,Fund 098 Revenue Totals,,,,,,0,,"14,000,000",,"16,000,000"
,,,,,,,,,,,,
107 School Equipment Replacement Special Revenue Fund,,,,,,,,,,,,
Appropriation Units:,,,,,,,,,,,,
,,,,,,,,,,,,
,Reserve for Contingencies,,,,,,,0,,"453,782",,"369,641"
,,,,,,,,,,,,
,,Fund 107 Appropriation Totals,,,,,,0,,"453,782",,"369,641"
,,,,,,,,,,,,
Revenue Sources:,,,,,,,,,,,,
,,,,,,,,,,,,
,Specific Fund Reserves,,,,,,,0,,"453,782",,"369,641"
,,,,,,,,,,,,
,,Fund 107 Revenue Totals,,,,,,0,,"453,782",,"369,641"
,,,,,,,,,,,,
108 School Instructional Technology Fund,,,,,,,,,,,,
Appropriation Units:,,,,,,,,,,,,
,,,,,,,,,,,,
,Instructional Technology,,,,,,,0,,0,,"159,700"
,,,,,,,,,,,,
,,Fund 108 Appropriation Totals,,,,,,0,,0,,"159,700"
,,,,,,,,,,,,
Revenue Sources:,,,,,,,,,,,,
,,,,,,,,,,,,
,Specific Fund Reserves,,,,,,,0,,0,,"159,700"
,,,,,,,,,,,,
,,Fund 108 Revenue Totals,,,,,,0,,0,,"159,700"
,,,,,,,,,,,,
,,,,,,,,,,,,
Fiscal Year 2014 - 15,,,,,2,,,,Appendix,,,
"City of Virginia Beach, Virginia",,,,,,,,,,,,
Expenditures and Revenues,,,,,,,,,,,,
,,,,,,,,,,,,
,,,,,,,,,,FY 2013-14,,FY 2014-15
,,,,,,,,,,,,
,,,,,,,,FY 2012-13,,Adjusted,,Total
,,,,,,,,,,,,
,,,,,,,,Actuals,,Budget,,Request
,,,,,,,,,,,,
109 School Vending Operations Fund,,,,,,,,,,,,
Appropriation Units:,,,,,,,,,,,,
,,,,,,,,,,,,
,Athletic,,,,,,,0,,"363,047",,"220,289"
,,,,,,,,,,,,
,,Fund 109 Appropriation Totals,,,,,,0,,"363,047",,"220,289"
,,,,,,,,,,,,
Revenue Sources:,,,,,,,,,,,,
,Revenue From Local Sources,,,,,,,,,,,
,,Miscellaneous Revenue,,,,,,0,,"192,550",,"192,550"
,,,,,,,,,,,,
,Specific Fund Reserves,,,,,,,0,,"170,497",,"27,739"
,,,,,,,,,,,,
,,Fund 109 Revenue Totals,,,,,,0,,"363,047",,"220,289"
,,,,,,,,,,,,
112 School Communication Tower Technology Fund,,,,,,,,,,,,
Appropriation Units:,,,,,,,,,,,,
,,,,,,,,,,,,
,Instructional Technology,,,,,,,0,,"600,000",,"600,000"
,,,,,,,,,,,,
,,Fund 112 Appropriation Totals,,,,,,0,,"600,000",,"600,000"
,,,,,,,,,,,,
Revenue Sources:,,,,,,,,,,,,
,Revenue From Local Sources,,,,,,,,,,,
,,From the Use of Money and Property,,,,,,0,,"260,000",,"260,000"
,,,,,,,,,,,,
,Specific Fund Reserves,,,,,,,0,,"340,000",,"340,000"
,,,,,,,,,,,,
,,Fund 112 Revenue Totals,,,,,,0,,"600,000",,"600,000"
,,,,,,,,,,,,
114 School Cafeteria Fund,,,,,,,,,,,,
Appropriation Units:,,,,,,,,,,,,
,,,,,,,,,,,,
,Cafeteria,,,,,,,0,,"28,600,954",,"30,142,161"
,,,,,,,,,,,,
,,Fund 114 Appropriation Totals,,,,,,0,,"28,600,954",,"30,142,161"
,,,,,,,,,,,,
Revenue Sources:,,,,,,,,,,,,
,Revenue From Local Sources,,,,,,,,,,,
,,Charges for Services,,,,,,0,,"13,789,527",,"12,400,817"
,,From the Use of Money and Property,,,,,,0,,"9,051",,"7,000"
,,Miscellaneous Revenue,,,,,,0,,"207,000",,"200,000"
,Revenue from the Commonwealth,,,,,,,,,,,
,,Other Sources from the Commonwealth,,,,,,0,,"488,000",,"500,000"
,,,,,,,,,,,,
,Revenue from the Federal Government,,,,,,,0,,"13,675,982",,"16,254,782"
,,,,,,,,,,,,
,Specific Fund Reserves,,,,,,,0,,"431,394",,"779,562"
,,,,,,,,,,,,
,,Fund 114 Revenue Totals,,,,,,0,,"28,600,954",,"30,142,161"
,,,,,,,,,,,,
,,,,,,,,,,,,
Fiscal Year 2014 - 15,,,,,3,,,,Appendix,,,
"City of Virginia Beach, Virginia",,,,,,,,,,,,
Expenditures and Revenues,,,,,,,,,,,,
,,,,,,,,,,,,
,,,,,,,,,,FY 2013-14,,FY 2014-15
,,,,,,,,,,,,
,,,,,,,,FY 2012-13,,Adjusted,,Total
,,,,,,,,,,,,
,,,,,,,,Actuals,,Budget,,Request
,,,,,,,,,,,,
115 School Operating Fund,,,,,,,,,,,,
Appropriation Units:,,,,,,,,,,,,
,,,,,,,,,,,,
,"Administration, Attendance, and Health",,,,,,,0,,"21,615,583",,"22,463,550"
,,,,,,,,,,,,
,City Manager Adjustment,,,,,,,0,,0,,"7,263,913"
,,,,,,,,,,,,
,Debt Service,,,,,,,0,,"43,094,767",,"45,507,225"
,,,,,,,,,,,,
,Instruction,,,,,,,0,,"518,411,377",,"530,265,581"
,,,,,,,,,,,,
,Operations and Maintenance,,,,,,,0,,"86,963,647",,"86,946,318"
,,,,,,,,,,,,
,Pupil Transportation,,,,,,,0,,"30,893,091",,"30,640,376"
,,,,,,,,,,,,
,Technology,,,,,,,0,,"26,975,580",,"27,497,214"
,,,,,,,,,,,,
,,Fund 115 Appropriation Totals,,,,,,0,,"727,954,045",,"750,584,177"
,,,,,,,,,,,,
Revenue Sources:,,,,,,,,,,,,
,Revenue From Local Sources,,,,,,,,,,,
,,Charges for Services,,,,,,0,,"2,203,383",,"2,203,383"
,,From the Use of Money and Property,,,,,,0,,"465,000",,"465,000"
,,Miscellaneous Revenue,,,,,,0,,"657,000",,"786,703"
,Revenue from the Commonwealth,,,,,,,,,,,
,,Other Sources from the Commonwealth,,,,,,0,,"240,866,735",,"252,592,470"
,,State Shared Sales Tax,,,,,,0,,"70,522,688",,"70,065,298"
,,,,,,,,,,,,
,Revenue from the Federal Government,,,,,,,0,,"17,141,085",,"16,453,899"
,,,,,,,,,,,,
,Transfers from Other Funds,,,,,,,"398,445,180",,"396,098,154",,"408,017,424"
,,,,,,,,,,,,
,,Fund 115 Revenue Totals,,,,,,"398,445,180",,"727,954,045",,"750,584,177"
,,,,,,,,,,,,
116 School Grants Fund,,,,,,,,,,,,
Appropriation Units:,,,,,,,,,,,,
,,,,,,,,,,,,
,Grants,,,,,,,0,,"67,040,031",,"63,534,234"
,,,,,,,,,,,,
,,Fund 116 Appropriation Totals,,,,,,0,,"67,040,031",,"63,534,234"
,,,,,,,,,,,,
Revenue Sources:,,,,,,,,,,,,
,Revenue From Local Sources,,,,,,,,,,,
,,Miscellaneous Revenue,,,,,,0,,"3,044,467",,"3,299,327"
,Revenue from the Commonwealth,,,,,,,,,,,
,,Other Sources from the Commonwealth,,,,,,0,,"15,904,631",,"16,021,049"
,,,,,,,,,,,,
,Revenue from the Federal Government,,,,,,,0,,"48,090,933",,"44,213,858"
,,,,,,,,,,,,
,,Fund 116 Revenue Totals,,,,,,0,,"67,040,031",,"63,534,234"
,,,,,,,,,,,,
117 School Textbook Fund,,,,,,,,,,,,
Appropriation Units:,,,,,,,,,,,,
,,,,,,,,,,,,
,Textbook,,,,,,,0,,"9,556,428",,"9,951,414"
,,,,,,,,,,,,
,,Fund 117 Appropriation Totals,,,,,,0,,"9,556,428",,"9,951,414"
,,,,,,,,,,,,
Revenue Sources:,,,,,,,,,,,,
,Revenue From Local Sources,,,,,,,,,,,
,,From the Use of Money and Property,,,,,,0,,"100,000",,"100,000"
,,Miscellaneous Revenue,,,,,,0,,"10,000",,"10,000"
,Revenue from the Commonwealth,,,,,,,,,,,
,,Other Sources from the Commonwealth,,,,,,0,,"3,606,022",,"3,959,589"
,,,,,,,,,,,,
,Specific Fund Reserves,,,,,,,0,,"5,840,406",,"5,881,825"
,,,,,,,,,,,,
,,Fund 117 Revenue Totals,,,,,,0,,"9,556,428",,"9,951,414"
,,,,,,,,,,,,
,,,,,,,,,,,,
Fiscal Year 2014 - 15,,,,,4,,,,Appendix,,,
"City of Virginia Beach, Virginia",,,,,,,,,,,,
Expenditures and Revenues,,,,,,,,,,,,
,,,,,,,,,,,,
,,,,,,,,,,FY 2013-14,,FY 2014-15
,,,,,,,,,,,,
,,,,,,,,FY 2012-13,,Adjusted,,Total
,,,,,,,,,,,,
,,,,,,,,Actuals,,Budget,,Request
,,,,,,,,,,,,
119 School Athletic Special Revenue Fund,,,,,,,,,,,,
Appropriation Units:,,,,,,,,,,,,
,,,,,,,,,,,,
,Athletic,,,,,,,0,,"4,910,642",,"4,922,642"
,,,,,,,,,,,,
,,Fund 119 Appropriation Totals,,,,,,0,,"4,910,642",,"4,922,642"
,,,,,,,,,,,,
Revenue Sources:,,,,,,,,,,,,
,Revenue From Local Sources,,,,,,,,,,,
,,Charges for Services,,,,,,0,,"499,000",,"494,000"
,,From the Use of Money and Property,,,,,,0,,"5,000",,"5,000"
,,Miscellaneous Revenue,,,,,,0,,"4,406,642",,"4,423,642"
,,,,,,,,,,,,
,,Fund 119 Revenue Totals,,,,,,0,,"4,910,642",,"4,922,642"
,,,,,,,,,,,,
130 Law Library Fund,,,,,,,,,,,,
Appropriation Units:,,,,,,,,,,,,
,,,,,,,,,,,,
,Library,,,,,,,"198,596",,"234,928",,"243,860"
,,,,,,,,,,,,
,Reserve for Contingencies,,,,,,,0,,270,,"1,028"
,,,,,,,,,,,,
,Transfer to Other Funds,,,,,,,"57,252",,"57,252",,"57,252"
,,,,,,,,,,,,
,,Fund 130 Appropriation Totals,,,,,,"255,848",,"292,450",,"302,140"
,,,,,,,,,,,,
Revenue Sources:,,,,,,,,,,,,
,Revenue From Local Sources,,,,,,,,,,,
,,Charges for Services,,,,,,"293,199",,"283,000",,"293,000"
,,From the Use of Money and Property,,,,,,"3,653",,"4,450",,"4,140"
,,,,,,,,,,,,
,Specific Fund Reserves,,,,,,,0,,"5,000",,"5,000"
,,,,,,,,,,,,
,,Fund 130 Revenue Totals,,,,,,"296,852",,"292,450",,"302,140"
,,,,,,,,,,,,
140 Commonwealth Attorney's DEA Seized Property SRF,,,,,,,,,,,,
Appropriation Units:,,,,,,,,,,,,
,,,,,,,,,,,,
,Commonwealth's Attorney,,,,,,,"106,965",,"200,000",,"400,000"
,,,,,,,,,,,,
,,Fund 140 Appropriation Totals,,,,,,"106,965",,"200,000",,"400,000"
,,,,,,,,,,,,
Revenue Sources:,,,,,,,,,,,,
,Revenue From Local Sources,,,,,,,,,,,
,,From the Use of Money and Property,,,,,,"11,008",,0,,0
,,Miscellaneous Revenue,,,,,,"12,475",,0,,0
,Revenue from the Commonwealth,,,,,,,,,,,
,,Other Sources from the Commonwealth,,,,,,"122,894",,0,,0
,,,,,,,,,,,,
,Revenue from the Federal Government,,,,,,,"29,700",,0,,0
,,,,,,,,,,,,
,Specific Fund Reserves,,,,,,,"200,000",,"200,000",,"400,000"
,,,,,,,,,,,,
,,Fund 140 Revenue Totals,,,,,,"376,077",,"200,000",,"400,000"
,,,,,,,,,,,,
142 Police DEA Seized Property Special Revenue Fund,,,,,,,,,,,,
Appropriation Units:,,,,,,,,,,,,
,,,,,,,,,,,,
,Police,,,,,,,"405,906",,0,,0
,,,,,,,,,,,,
,,Fund 142 Appropriation Totals,,,,,,"405,906",,0,,0
,,,,,,,,,,,,
Revenue Sources:,,,,,,,,,,,,
,Revenue From Local Sources,,,,,,,,,,,
,,From the Use of Money and Property,,,,,,"14,348",,0,,0
,Revenue from the Commonwealth,,,,,,,,,,,
,,Other Sources from the Commonwealth,,,,,,"424,253",,0,,0
,,,,,,,,,,,,
,Revenue from the Federal Government,,,,,,,"181,714",,0,,0
,,,,,,,,,,,,
,,Fund 142 Revenue Totals,,,,,,"620,315",,0,,0
,,,,,,,,,,,,
,,,,,,,,,,,,
Fiscal Year 2014 - 15,,,,,5,,,,Appendix,,,
"City of Virginia Beach, Virginia",,,,,,,,,,,,
Expenditures and Revenues,,,,,,,,,,,,
,,,,,,,,,,,,
,,,,,,,,,,FY 2013-14,,FY 2014-15
,,,,,,,,,,,,
,,,,,,,,FY 2012-13,,Adjusted,,Total
,,,,,,,,,,,,
,,,,,,,,Actuals,,Budget,,Request
,,,,,,,,,,,,
144 Waste Management Special Revenue Fund,,,,,,,,,,,,
Appropriation Units:,,,,,,,,,,,,
,,,,,,,,,,,,
,Public Works,,,,,,,"38,439,127",,"38,573,354",,"40,599,989"
,,,,,,,,,,,,
,Reserve for Contingencies,,,,,,,0,,"71,295",,"299,533"
,,,,,,,,,,,,
,Transfer to Other Funds,,,,,,,0,,"3,626,771",,"2,627,847"
,,,,,,,,,,,,
,,Fund 144 Appropriation Totals,,,,,,"38,439,127",,"42,271,420",,"43,527,369"
,,,,,,,,,,,,
Revenue Sources:,,,,,,,,,,,,
,Revenue From Local Sources,,,,,,,,,,,
,,Charges for Services,,,,,,"26,337,173",,"41,961,030",,"41,676,123"
,,From the Use of Money and Property,,,,,,"144,300",,"125,000",,"140,000"
,,Miscellaneous Revenue,,,,,,"23,554",,0,,"816,246"
,,"Permits, Privilege Fees, and Regulatory Licenses",,,,,,"150,040",,"150,000",,"150,000"
,Revenue from the Commonwealth,,,,,,,,,,,
,,Other Sources from the Commonwealth,,,,,,"51,070",,"35,390",,"45,000"
,,,,,,,,,,,,
,Specific Fund Reserves,,,,,,,0,,0,,"700,000"
,,,,,,,,,,,,
,Transfers from Other Funds,,,,,,,"14,769,687",,0,,0
,,,,,,,,,,,,
,,Fund 144 Revenue Totals,,,,,,"41,475,824",,"42,271,420",,"43,527,369"
,,,,,,,,,,,,
147 Federal Section 8 Program Special Revenue Fund,,,,,,,,,,,,
Appropriation Units:,,,,,,,,,,,,
,,,,,,,,,,,,
,Housing and Neighborhood Preservation,,,,,,,"19,899,788",,"18,695,394",,"19,818,177"
,,,,,,,,,,,,
,,Fund 147 Appropriation Totals,,,,,,"19,899,788",,"18,695,394",,"19,818,177"
,,,,,,,,,,,,
Revenue Sources:,,,,,,,,,,,,
,Revenue From Local Sources,,,,,,,,,,,
,,Charges for Services,,,,,,"1,612,185",,"845,600",,"2,182,374"
,,From the Use of Money and Property,,,,,,-277,,0,,0
,,Miscellaneous Revenue,,,,,,"24,188",,"32,000",,"32,000"
,,,,,,,,,,,,
,Revenue from the Federal Government,,,,,,,"17,063,813",,"17,448,950",,"17,364,145"
,,,,,,,,,,,,
,Specific Fund Reserves,,,,,,,0,,"139,629",,0
,,,,,,,,,,,,
,Transfers from Other Funds,,,,,,,"240,474",,"229,215",,"239,658"
,,,,,,,,,,,,
,,Fund 147 Revenue Totals,,,,,,"18,940,383",,"18,695,394",,"19,818,177"
,,,,,,,,,,,,
149 Sheriff's Department Special Revenue Fund,,,,,,,,,,,,
Appropriation Units:,,,,,,,,,,,,
,,,,,,,,,,,,
,Sheriff and Corrections,,,,,,,"38,578,292",,"39,719,492",,"39,856,062"
,,,,,,,,,,,,
,Transfer to Other Funds,,,,,,,"24,551",,"24,551",,"24,551"
,,,,,,,,,,,,
,,Fund 149 Appropriation Totals,,,,,,"38,602,843",,"39,744,043",,"39,880,613"
,,,,,,,,,,,,
Revenue Sources:,,,,,,,,,,,,
,Revenue From Local Sources,,,,,,,,,,,
,,Charges for Services,,,,,,"4,629,066",,"4,894,758",,"5,078,588"
,,From the Use of Money and Property,,,,,,"16,280",,"15,000",,"10,000"
,,Miscellaneous Revenue,,,,,,"13,117",,"10,000",,"10,000"
,Revenue from the Commonwealth,,,,,,,,,,,
,,Other Sources from the Commonwealth,,,,,,"17,280,263",,"17,605,275",,"18,010,250"
,,,,,,,,,,,,
,Revenue from the Federal Government,,,,,,,"395,071",,"229,950",,"602,250"
,,,,,,,,,,,,
,Specific Fund Reserves,,,,,,,0,,"1,314,990",,"575,000"
,,,,,,,,,,,,
,Transfers from Other Funds,,,,,,,"14,896,783",,"15,674,070",,"15,594,525"
,,,,,,,,,,,,
,,Fund 149 Revenue Totals,,,,,,"37,230,580",,"39,744,043",,"39,880,613"
,,,,,,,,,,,,
,,,,,,,,,,,,
Fiscal Year 2014 - 15,,,,,6,,,,Appendix,,,
"City of Virginia Beach, Virginia",,,,,,,,,,,,
Expenditures and Revenues,,,,,,,,,,,,
,,,,,,,,,,,,
,,,,,,,,,,FY 2013-14,,FY 2014-15
,,,,,,,,,,,,
,,,,,,,,FY 2012-13,,Adjusted,,Total
,,,,,,,,,,,,
,,,,,,,,Actuals,,Budget,,Request
,,,,,,,,,,,,
151 Parks and Recreation Special Revenue Fund,,,,,,,,,,,,
Appropriation Units:,,,,,,,,,,,,
,,,,,,,,,,,,
,Debt Service,,,,,,,"1,278,331",,"2,106,472",,"3,551,043"
,,,,,,,,,,,,
,Future C.I.P. Commitments,,,,,,,0,,0,,"365,534"
,,,,,,,,,,,,
,Municipal Council,,,,,,,"1,203",,0,,0
,,,,,,,,,,,,
,Parks and Recreation,,,,,,,"25,871,265",,"28,124,640",,"28,432,159"
,,,,,,,,,,,,
,Public Works,,,,,,,"2,471,712",,"2,827,533",,"2,718,331"
,,,,,,,,,,,,
,Reserve for Contingencies,,,,,,,0,,0,,"530,119"
,,,,,,,,,,,,
,Transfer to Other Funds,,,,,,,"2,573,615",,"3,331,436",,"1,202,428"
,,,,,,,,,,,,
,,Fund 151 Appropriation Totals,,,,,,"32,196,125",,"36,390,081",,"36,799,614"
,,,,,,,,,,,,
Revenue Sources:,,,,,,,,,,,,
,Revenue From Local Sources,,,,,,,,,,,
,,Charges for Services,,,,,,"12,891,736",,"12,988,282",,"13,501,870"
,,From the Use of Money and Property,,,,,,"1,488,877",,"1,514,877",,"1,579,251"
,,Miscellaneous Revenue,,,,,,"35,139",,"2,700",,"2,200"
,,"Permits, Privilege Fees, and Regulatory Licenses",,,,,,"5,059",,700,,700
,,Real Estate,,,,,,"16,274,306",,"16,647,605",,"17,280,944"
,Revenue from the Commonwealth,,,,,,,,,,,
,,Other Sources from the Commonwealth,,,,,,"27,518",,"27,000",,"27,000"
,,,,,,,,,,,,
,Specific Fund Reserves,,,,,,,0,,"77,000",,"27,000"
,,,,,,,,,,,,
,Transfers from Other Funds,,,,,,,"5,463,470",,"5,131,917",,"4,380,649"
,,,,,,,,,,,,
,,Fund 151 Revenue Totals,,,,,,"36,186,104",,"36,390,081",,"36,799,614"
,,,,,,,,,,,,
152 Tourism Investment Program Fund,,,,,,,,,,,,
Appropriation Units:,,,,,,,,,,,,
,,,,,,,,,,,,
,Convention and Visitor Bureau,,,,,,,"163,663",,"100,000",,"100,000"
,,,,,,,,,,,,
,Cultural Affairs,,,,,,,"50,500",,"50,500",,"50,500"
,,,,,,,,,,,,
,Debt Service,,,,,,,"26,063,812",,"25,041,384",,"24,229,882"
,,,,,,,,,,,,
,Parks and Recreation,,,,,,,"34,563",,"34,557",,"135,128"
,,,,,,,,,,,,
,Public Works,,,,,,,"837,327",,"976,496",,"934,874"
,,,,,,,,,,,,
,Reserve for Contingencies,,,,,,,0,,"134,902",,"907,001"
,,,,,,,,,,,,
,Strategic Growth Area,,,,,,,"3,968,618",,"4,311,472",,"4,251,194"
,,,,,,,,,,,,
,Transfer to Other Funds,,,,,,,"4,326,391",,"4,349,015",,"4,406,140"
,,,,,,,,,,,,
,,Fund 152 Appropriation Totals,,,,,,"35,444,874",,"34,998,326",,"35,014,719"
,,,,,,,,,,,,
Revenue Sources:,,,,,,,,,,,,
,Revenue From Local Sources,,,,,,,,,,,
,,Amusement Tax,,,,,,"5,471,907",,"5,941,774",,"5,836,125"
,,Cigarette Tax,,,,,,"919,463",,"932,081",,"934,511"
,,Fines and Forfeitures,,,,,,"738,507",,"748,000",,"740,000"
,,From the Use of Money and Property,,,,,,"653,785",,"626,400",,"651,143"
,,Hotel Room Tax,,,,,,"14,547,739",,"15,452,532",,"15,321,383"
,,Miscellaneous Revenue,,,,,,0,,0,,300
,,"Permits, Privilege Fees, and Regulatory Licenses",,,,,,"192,633",,"124,960",,"73,077"
,,Restaurant Meal Tax,,,,,,"10,593,731",,"11,172,579",,"11,458,180"
,,,,,,,,,,,,
,Transfers from Other Funds,,,,,,,"250,000",,0,,0
,,,,,,,,,,,,
,,Fund 152 Revenue Totals,,,,,,"33,367,765",,"34,998,326",,"35,014,719"
,,,,,,,,,,,,
,,,,,,,,,,,,
Fiscal Year 2014 - 15,,,,,7,,,,Appendix,,,
"City of Virginia Beach, Virginia",,,,,,,,,,,,
Expenditures and Revenues,,,,,,,,,,,,
,,,,,,,,,,,,
,,,,,,,,,,FY 2013-14,,FY 2014-15
,,,,,,,,,,,,
,,,,,,,,FY 2012-13,,Adjusted,,Total
,,,,,,,,,,,,
,,,,,,,,Actuals,,Budget,,Request
,,,,,,,,,,,,
157 Sandbridge Special Service District Spec Rev Fd,,,,,,,,,,,,
Appropriation Units:,,,,,,,,,,,,
,,,,,,,,,,,,
,Transfer to Other Funds,,,,,,,"4,804,405",,"4,390,194",,"3,930,199"
,,,,,,,,,,,,
,,Fund 157 Appropriation Totals,,,,,,"4,804,405",,"4,390,194",,"3,930,199"
,,,,,,,,,,,,
Revenue Sources:,,,,,,,,,,,,
,Revenue From Local Sources,,,,,,,,,,,
,,From the Use of Money and Property,,,,,,"3,819",,"6,764",,"6,899"
,,Hotel Room Tax,,,,,,"1,370,202",,"779,012",,"798,013"
,,Real Estate,,,,,,"580,826",,"591,675",,"628,909"
,,,,,,,,,,,,
,Specific Fund Reserves,,,,,,,0,,"642,747",,"139,257"
,,,,,,,,,,,,
,Transfers from Other Funds,,,,,,,"2,277,372",,"2,369,996",,"2,357,121"
,,,,,,,,,,,,
,,Fund 157 Revenue Totals,,,,,,"4,232,219",,"4,390,194",,"3,930,199"
,,,,,,,,,,,,
161 Agriculture Reserve Program Special Revenue Fund,,,,,,,,,,,,
Appropriation Units:,,,,,,,,,,,,
,,,,,,,,,,,,
,Agriculture,,,,,,,"146,346",,"216,720",,"220,108"
,,,,,,,,,,,,
,Debt Service,,,,,,,"3,255,583",,"3,838,198",,"4,101,097"
,,,,,,,,,,,,
,Reserve for Contingencies,,,,,,,0,,"256,899",,"153,148"
,,,,,,,,,,,,
,,Fund 161 Appropriation Totals,,,,,,"3,401,928",,"4,311,817",,"4,474,353"
,,,,,,,,,,,,
Revenue Sources:,,,,,,,,,,,,
,Revenue From Local Sources,,,,,,,,,,,
,,Real Estate,,,,,,"4,213,715",,"4,311,817",,"4,474,353"
,Revenue from the Commonwealth,,,,,,,,,,,
,,Other Sources from the Commonwealth,,,,,,"278,859",,0,,0
,,,,,,,,,,,,
,,Fund 161 Revenue Totals,,,,,,"4,492,575",,"4,311,817",,"4,474,353"
,,,,,,,,,,,,
163 Tourism Advertising Program Special Revenue Fund,,,,,,,,,,,,
Appropriation Units:,,,,,,,,,,,,
,,,,,,,,,,,,
,Convention and Visitor Bureau,,,,,,,"10,193,410",,"10,657,355",,"10,752,704"
,,,,,,,,,,,,
,Reserve for Contingencies,,,,,,,0,,"1,169",,"5,030"
,,,,,,,,,,,,
,Transfer to Other Funds,,,,,,,"56,838",,"56,838",,"56,838"
,,,,,,,,,,,,
,,Fund 163 Appropriation Totals,,,,,,"10,250,248",,"10,715,362",,"10,814,572"
,,,,,,,,,,,,
Revenue Sources:,,,,,,,,,,,,
,Revenue From Local Sources,,,,,,,,,,,
,,Charges for Services,,,,,,"96,241",,"101,665",,"101,198"
,,From the Use of Money and Property,,,,,,"49,676",,"42,432",,"45,700"
,,Hotel Room Tax,,,,,,"5,044,797",,"5,259,938",,"5,235,473"
,,Miscellaneous Revenue,,,,,,"23,730",,"41,243",,"27,399"
,,Restaurant Meal Tax,,,,,,"4,997,043",,"5,270,084",,"5,404,802"
,,,,,,,,,,,,
,,Fund 163 Revenue Totals,,,,,,"10,211,487",,"10,715,362",,"10,814,572"
,,,,,,,,,,,,
166 Sandbridge Tax Increment Financing Fund,,,,,,,,,,,,
Appropriation Units:,,,,,,,,,,,,
,,,,,,,,,,,,
,Future C.I.P. Commitments,,,,,,,0,,"6,893,992",,"7,000,000"
,,,,,,,,,,,,
,Transfer to Other Funds,,,,,,,0,,"909,806",,"1,369,801"
,,,,,,,,,,,,
,,Fund 166 Appropriation Totals,,,,,,0,,"7,803,798",,"8,369,801"
,,,,,,,,,,,,
Revenue Sources:,,,,,,,,,,,,
,Revenue From Local Sources,,,,,,,,,,,
,,From the Use of Money and Property,,,,,,"23,802",,"25,000",,"27,459"
,,Real Estate,,,,,,"7,226,431",,"7,410,157",,"8,139,025"
,,,,,,,,,,,,
,Specific Fund Reserves,,,,,,,0,,"368,641",,"203,317"
,,,,,,,,,,,,
,,Fund 166 Revenue Totals,,,,,,"7,250,233",,"7,803,798",,"8,369,801"
,,,,,,,,,,,,
,,,,,,,,,,,,
Fiscal Year 2014 - 15,,,,,8,,,,Appendix,,,
"City of Virginia Beach, Virginia",,,,,,,,,,,,
Expenditures and Revenues,,,,,,,,,,,,
,,,,,,,,,,,,
,,,,,,,,,,FY 2013-14,,FY 2014-15
,,,,,,,,,,,,
,,,,,,,,FY 2012-13,,Adjusted,,Total
,,,,,,,,,,,,
,,,,,,,,Actuals,,Budget,,Request
,,,,,,,,,,,,
169 Central Business District-South TIF (Twn Cntr) Fd,,,,,,,,,,,,
Appropriation Units:,,,,,,,,,,,,
,,,,,,,,,,,,
,Debt Service,,,,,,,"5,579,549",,"5,866,866",,"7,704,794"
,,,,,,,,,,,,
,Transfer to Other Funds,,,,,,,"150,000",,"150,000",,"150,000"
,,,,,,,,,,,,
,,Fund 169 Appropriation Totals,,,,,,"5,729,549",,"6,016,866",,"7,854,794"
,,,,,,,,,,,,
Revenue Sources:,,,,,,,,,,,,
,Revenue From Local Sources,,,,,,,,,,,
,,From the Use of Money and Property,,,,,,"2,393",,900,,"2,000"
,,Hotel Room Tax,,,,,,"500,000",,"500,000",,"500,000"
,,Miscellaneous Revenue,,,,,,"2,500,000",,0,,"400,000"
,,Real Estate,,,,,,"5,255,106",,"5,208,136",,"5,367,921"
,,,,,,,,,,,,
,Specific Fund Reserves,,,,,,,0,,"307,830",,"1,584,873"
,,,,,,,,,,,,
,,Fund 169 Revenue Totals,,,,,,"8,257,498",,"6,016,866",,"7,854,794"
,,,,,,,,,,,,
172 Open Space Special Revenue Fund,,,,,,,,,,,,
Appropriation Units:,,,,,,,,,,,,
,,,,,,,,,,,,
,Debt Service,,,,,,,"2,426,388",,"2,827,433",,"2,576,042"
,,,,,,,,,,,,
,Parks and Recreation,,,,,,,"484,500",,"507,778",,"505,545"
,,,,,,,,,,,,
,Public Works,,,,,,,0,,"15,300",,"15,300"
,,,,,,,,,,,,
,Reserve for Contingencies,,,,,,,0,,775,,"2,676"
,,,,,,,,,,,,
,Transfer to Other Funds,,,,,,,"2,026,724",,"1,827,258",,"1,800,000"
,,,,,,,,,,,,
,,Fund 172 Appropriation Totals,,,,,,"4,937,612",,"5,178,544",,"4,899,563"
,,,,,,,,,,,,
Revenue Sources:,,,,,,,,,,,,
,Revenue From Local Sources,,,,,,,,,,,
,,From the Use of Money and Property,,,,,,"2,255",,"21,144",,0
,,Restaurant Meal Tax,,,,,,"4,397,398",,"4,637,674",,"4,756,226"
,,,,,,,,,,,,
,Specific Fund Reserves,,,,,,,0,,"519,726",,"143,337"
,,,,,,,,,,,,
,,Fund 172 Revenue Totals,,,,,,"4,399,653",,"5,178,544",,"4,899,563"
,,,,,,,,,,,,
174 Town Center Special Service District,,,,,,,,,,,,
Appropriation Units:,,,,,,,,,,,,
,,,,,,,,,,,,
,Parks and Recreation,,,,,,,"26,612",,"30,501",,"46,309"
,,,,,,,,,,,,
,Town Center Special Tax District,,,,,,,"1,417,525",,"1,531,700",,"1,963,600"
,,,,,,,,,,,,
,Transfer to Other Funds,,,,,,,"337,197",,"337,197",,"386,199"
,,,,,,,,,,,,
,,Fund 174 Appropriation Totals,,,,,,"1,781,334",,"1,899,398",,"2,396,108"
,,,,,,,,,,,,
Revenue Sources:,,,,,,,,,,,,
,Revenue From Local Sources,,,,,,,,,,,
,,From the Use of Money and Property,,,,,,"2,791",,"2,600",,"1,000"
,,Real Estate,,,,,,"1,536,750",,"1,480,463",,"1,548,564"
,,,,,,,,,,,,
,Specific Fund Reserves,,,,,,,0,,"266,335",,"696,544"
,,,,,,,,,,,,
,Transfers from Other Funds,,,,,,,"150,000",,"150,000",,"150,000"
,,,,,,,,,,,,
,,Fund 174 Revenue Totals,,,,,,"1,689,541",,"1,899,398",,"2,396,108"
,,,,,,,,,,,,
,,,,,,,,,,,,
Fiscal Year 2014 - 15,,,,,9,,,,Appendix,,,
"City of Virginia Beach, Virginia",,,,,,,,,,,,
Expenditures and Revenues,,,,,,,,,,,,
,,,,,,,,,,,,
,,,,,,,,,,FY 2013-14,,FY 2014-15
,,,,,,,,,,,,
,,,,,,,,FY 2012-13,,Adjusted,,Total
,,,,,,,,,,,,
,,,,,,,,Actuals,,Budget,,Request
,,,,,,,,,,,,
180 Community Development Special Revenue Fund,,,,,,,,,,,,
Appropriation Units:,,,,,,,,,,,,
,,,,,,,,,,,,
,Housing and Neighborhood Preservation,,,,,,,"1,996,490",,"1,965,324",,"1,797,899"
,,,,,,,,,,,,
,Transfer to Other Funds,,,,,,,"128,858",,"128,858",,"128,858"
,,,,,,,,,,,,
,,Fund 180 Appropriation Totals,,,,,,"2,125,348",,"2,094,182",,"1,926,757"
,,,,,,,,,,,,
Revenue Sources:,,,,,,,,,,,,
,Revenue From Local Sources,,,,,,,,,,,
,,Charges for Services,,,,,,"48,400",,"70,000",,0
,,Miscellaneous Revenue,,,,,,"2,999",,0,,0
,,,,,,,,,,,,
,Revenue from the Federal Government,,,,,,,"1,529,884",,"1,291,730",,"1,291,172"
,,,,,,,,,,,,
,Transfers from Other Funds,,,,,,,"708,683",,"732,452",,"635,585"
,,,,,,,,,,,,
,,Fund 180 Revenue Totals,,,,,,"2,289,966",,"2,094,182",,"1,926,757"
,,,,,,,,,,,,
181 CD Loan and Grant Fund,,,,,,,,,,,,
Appropriation Units:,,,,,,,,,,,,
,,,,,,,,,,,,
,Housing and Neighborhood Preservation,,,,,,,"729,534",,"699,104",,"857,869"
,,,,,,,,,,,,
,,Fund 181 Appropriation Totals,,,,,,"729,534",,"699,104",,"857,869"
,,,,,,,,,,,,
Revenue Sources:,,,,,,,,,,,,
,,,,,,,,,,,,
,Non-Revenue Receipts,,,,,,,"138,553",,"100,000",,"125,000"
,,,,,,,,,,,,
,Revenue From Local Sources,,,,,,,,,,,
,,,,,,,,,,,,
,,Charges for Services,,,,,,525,,0,,0
,,From the Use of Money and Property,,,,,,"3,381",,0,,0
,,,,,,,,,,,,
,Revenue from the Federal Government,,,,,,,"401,921",,"484,175",,"461,911"
,,,,,,,,,,,,
,Transfers from Other Funds,,,,,,,"125,000",,"114,929",,"270,958"
,,,,,,,,,,,,
,,Fund 181 Revenue Totals,,,,,,"669,380",,"699,104",,"857,869"
,,,,,,,,,,,,
182 Federal Housing Assistance Grant Fund,,,,,,,,,,,,
Appropriation Units:,,,,,,,,,,,,
,,,,,,,,,,,,
,Housing and Neighborhood Preservation,,,,,,,"1,337,547",,"900,639",,"830,929"
,,,,,,,,,,,,
,,Fund 182 Appropriation Totals,,,,,,"1,337,547",,"900,639",,"830,929"
,,,,,,,,,,,,
Revenue Sources:,,,,,,,,,,,,
,,,,,,,,,,,,
,Non-Revenue Receipts,,,,,,,"88,550",,"70,000",,"70,000"
,,,,,,,,,,,,
,Revenue From Local Sources,,,,,,,,,,,
,,,,,,,,,,,,
,,Charges for Services,,,,,,825,,0,,0
,,From the Use of Money and Property,,,,,,"8,207",,0,,0
,,,,,,,,,,,,
,Revenue from the Federal Government,,,,,,,"1,720,776",,"830,639",,"761,340"
,,,,,,,,,,,,
,Transfers from Other Funds,,,,,,,0,,0,,-411
,,,,,,,,,,,,
,,Fund 182 Revenue Totals,,,,,,"1,818,358",,"900,639",,"830,929"
,,,,,,,,,,,,
,,,,,,,,,,,,
Fiscal Year 2014 - 15,,,,,10,,,,Appendix,,,
"City of Virginia Beach, Virginia",,,,,,,,,,,,
Expenditures and Revenues,,,,,,,,,,,,
,,,,,,,,,,,,
,,,,,,,,,,FY 2013-14,,FY 2014-15
,,,,,,,,,,,,
,,,,,,,,FY 2012-13,,Adjusted,,Total
,,,,,,,,,,,,
,,,,,,,,Actuals,,Budget,,Request
,,,,,,,,,,,,
183 Grants Consolidated Fund,,,,,,,,,,,,
Appropriation Units:,,,,,,,,,,,,
,,,,,,,,,,,,
,Circuit Court,,,,,,,"10,763",,0,,0
,,,,,,,,,,,,
,Commonwealth's Attorney,,,,,,,"412,019",,"338,865",,"314,442"
,,,,,,,,,,,,
,Emergency Medical Services,,,,,,,"598,569",,"375,000",,"375,000"
,,,,,,,,,,,,
,Fire,,,,,,,"1,931,612",,"770,518",,"4,050,806"
,,,,,,,,,,,,
,Housing and Neighborhood Preservation,,,,,,,"1,009,875",,"1,356,925",,"1,165,111"
,,,,,,,,,,,,
,Human Services,,,,,,,"1,571,250",,"1,708,291",,"1,730,342"
,,,,,,,,,,,,
,Juvenile Probation,,,,,,,"102,251",,0,,0
,,,,,,,,,,,,
,Library,,,,,,,"15,781",,0,,0
,,,,,,,,,,,,
,Museums,,,,,,,"15,882",,"31,392",,0
,,,,,,,,,,,,
,Parks and Recreation,,,,,,,"69,837",,0,,0
,,,,,,,,,,,,
,Planning,,,,,,,"62,433",,0,,0
,,,,,,,,,,,,
,Police,,,,,,,"444,262",,"58,861",,"60,054"
,,,,,,,,,,,,
,Public Works,,,,,,,"10,800",,"15,000",,"15,000"
,,,,,,,,,,,,
,Reserve for Contingencies,,,,,,,0,,"130,945",,"100,000"
,,,,,,,,,,,,
,Sheriff and Corrections,,,,,,,"316,310",,0,,0
,,,,,,,,,,,,
,Transfer to Other Funds,,,,,,,"400,000",,"400,000",,"647,715"
,,,,,,,,,,,,
,,Fund 183 Appropriation Totals,,,,,,"6,971,643",,"5,185,797",,"8,458,470"
,,,,,,,,,,,,
Revenue Sources:,,,,,,,,,,,,
,Revenue From Local Sources,,,,,,,,,,,
,,Charges for Services,,,,,,"39,402",,"43,632",,"43,632"
,Revenue from the Commonwealth,,,,,,,,,,,
,,Other Sources from the Commonwealth,,,,,,"3,158,591",,"3,056,061",,"6,565,726"
,,,,,,,,,,,,
,Revenue from the Federal Government,,,,,,,"3,464,957",,"1,564,955",,"1,352,864"
,,,,,,,,,,,,
,Transfers from Other Funds,,,,,,,,,,,
,,,,,,,,,,,,
,,Revenue from the Federal Government,,,,,,"46,225",,0,,0
,,,,,,,,,,,,
,,Fund 183 Revenue Totals,,,,,,"7,233,284",,"5,185,797",,"8,458,470"
,,,,,,,,,,,,
241 Water and Sewer Fund,,,,,,,,,,,,
Appropriation Units:,,,,,,,,,,,,
,,,,,,,,,,,,
,Debt Service,,,,,,,"7,853,450",,"22,527,690",,"24,384,997"
,,,,,,,,,,,,
,Public Utilities,,,,,,,"70,072,341",,"76,259,188",,"76,656,690"
,,,,,,,,,,,,
,Reserve for Contingencies,,,,,,,0,,"950,850",,"1,386,335"
,,,,,,,,,,,,
,Transfer to Other Funds,,,,,,,"18,249,158",,"17,977,327",,"18,271,875"
,,,,,,,,,,,,
,,Fund 241 Appropriation Totals,,,,,,"96,174,949",,"117,715,055",,"120,699,897"
,,,,,,,,,,,,
Revenue Sources:,,,,,,,,,,,,
,,,,,,,,,,,,
,Non-Revenue Receipts,,,,,,,"5,670,290",,"2,665,095",,"2,061,135"
,,,,,,,,,,,,
,Revenue From Local Sources,,,,,,,,,,,
,,,,,,,,,,,,
,,Charges for Services,,,,,,"109,437,509",,"112,518,740",,"115,799,855"
,,From the Use of Money and Property,,,,,,"547,751",,"444,274",,"357,641"
,,Miscellaneous Revenue,,,,,,"675,171",,"390,773",,"367,343"
,,,,,,,,,,,,
,Revenue from the Federal Government,,,,,,,"1,017,733",,"1,017,733",,"944,456"
,,,,,,,,,,,,
,Transfers from Other Funds,,,,,,,"658,679",,"678,440",,"1,169,467"
,,,,,,,,,,,,
,,Fund 241 Revenue Totals,,,,,,"118,007,133",,"117,715,055",,"120,699,897"
,,,,,,,,,,,,
,,,,,,,,,,,,
Fiscal Year 2014 - 15,,,,,11,,,,Appendix,,,
"City of Virginia Beach, Virginia",,,,,,,,,,,,
Expenditures and Revenues,,,,,,,,,,,,
,,,,,,,,,,,,
,,,,,,,,,,FY 2013-14,,FY 2014-15
,,,,,,,,,,,,
,,,,,,,,FY 2012-13,,Adjusted,,Total
,,,,,,,,,,,,
,,,,,,,,Actuals,,Budget,,Request
,,,,,,,,,,,,
253 Parking Enterprise Fund,,,,,,,,,,,,
Appropriation Units:,,,,,,,,,,,,
,,,,,,,,,,,,
,Debt Service,,,,,,,"695,407",,"692,863",,"695,363"
,,,,,,,,,,,,
,Reserve for Contingencies,,,,,,,0,,"278,174",,"265,505"
,,,,,,,,,,,,
,Strategic Growth Area,,,,,,,"1,499,616",,"1,792,619",,"1,811,626"
,,,,,,,,,,,,
,Transfer to Other Funds,,,,,,,"433,428",,"933,428",,"599,515"
,,,,,,,,,,,,
,,Fund 253 Appropriation Totals,,,,,,"2,628,451",,"3,697,084",,"3,372,009"
,,,,,,,,,,,,
Revenue Sources:,,,,,,,,,,,,
,Revenue From Local Sources,,,,,,,,,,,
,,Charges for Services,,,,,,"3,074,796",,"3,688,584",,"3,183,509"
,,Fines and Forfeitures,,,,,,0,,0,,"180,000"
,,From the Use of Money and Property,,,,,,"6,928",,"8,500",,"8,500"
,,Miscellaneous Revenue,,,,,,305,,0,,0
,,,,,,,,,,,,
,,Fund 253 Revenue Totals,,,,,,"3,082,030",,"3,697,084",,"3,372,009"
,,,,,,,,,,,,
255 Storm Water Utility Enterprise Fund,,,,,,,,,,,,
Appropriation Units:,,,,,,,,,,,,
,,,,,,,,,,,,
,Debt Service,,,,,,,"1,054,774",,"2,263,221",,"2,796,529"
,,,,,,,,,,,,
,Public Works,,,,,,,"13,336,693",,"16,745,826",,"17,067,058"
,,,,,,,,,,,,
,Reserve for Contingencies,,,,,,,0,,"2,950,233",,"8,354,207"
,,,,,,,,,,,,
,Transfer to Other Funds,,,,,,,"15,764,934",,"15,501,034",,"11,141,283"
,,,,,,,,,,,,
,,Fund 255 Appropriation Totals,,,,,,"30,156,401",,"37,460,314",,"39,359,077"
,,,,,,,,,,,,
Revenue Sources:,,,,,,,,,,,,
,Revenue From Local Sources,,,,,,,,,,,
,,Charges for Services,,,,,,"32,468,445",,"37,018,136",,"38,877,647"
,,From the Use of Money and Property,,,,,,"89,689",,"125,000",,"125,000"
,,Miscellaneous Revenue,,,,,,"32,081",,0,,"60,000"
,,,,,,,,,,,,
,Revenue from the Federal Government,,,,,,,"275,815",,"288,159",,"267,411"
,,,,,,,,,,,,
,Transfers from Other Funds,,,,,,,"1,836,295",,"29,019",,"29,019"
,,,,,,,,,,,,
,,Fund 255 Revenue Totals,,,,,,"34,702,325",,"37,460,314",,"39,359,077"
,,,,,,,,,,,,
310 Old Donation Creek Area Dredging SSD,,,,,,,,,,,,
Appropriation Units:,,,,,,,,,,,,
,,,,,,,,,,,,
,Transfer to Other Funds,,,,,,,"68,652",,"65,651",,"66,355"
,,,,,,,,,,,,
,,Fund 310 Appropriation Totals,,,,,,"68,652",,"65,651",,"66,355"
,,,,,,,,,,,,
Revenue Sources:,,,,,,,,,,,,
,Revenue From Local Sources,,,,,,,,,,,
,,Real Estate,,,,,,"65,190",,"65,651",,"66,355"
,,,,,,,,,,,,
,,Fund 310 Revenue Totals,,,,,,"65,190",,"65,651",,"66,355"
,,,,,,,,,,,,
311 Bayville Creek Neighborhood Dredging SSD Fund,,,,,,,,,,,,
Appropriation Units:,,,,,,,,,,,,
,,,,,,,,,,,,
,Transfer to Other Funds,,,,,,,"50,508",,"48,751",,"51,749"
,,,,,,,,,,,,
,,Fund 311 Appropriation Totals,,,,,,"50,508",,"48,751",,"51,749"
,,,,,,,,,,,,
Revenue Sources:,,,,,,,,,,,,
,Revenue From Local Sources,,,,,,,,,,,
,,Real Estate,,,,,,"47,372",,"48,751",,"51,749"
,,,,,,,,,,,,
,,Fund 311 Revenue Totals,,,,,,"47,372",,"48,751",,"51,749"
,,,,,,,,,,,,
,,,,,,,,,,,,
Fiscal Year 2014 - 15,,,,,12,,,,Appendix,,,
"City of Virginia Beach, Virginia",,,,,,,,,,,,
Expenditures and Revenues,,,,,,,,,,,,
,,,,,,,,,,,,
,,,,,,,,,,FY 2013-14,,FY 2014-15
,,,,,,,,,,,,
,,,,,,,,FY 2012-13,,Adjusted,,Total
,,,,,,,,,,,,
,,,,,,,,Actuals,,Budget,,Request
,,,,,,,,,,,,
312 Shadowlawn Area Dredging SSD,,,,,,,,,,,,
Appropriation Units:,,,,,,,,,,,,
,,,,,,,,,,,,
,Transfer to Other Funds,,,,,,,0,,"25,088",,"25,560"
,,,,,,,,,,,,
,,Fund 312 Appropriation Totals,,,,,,0,,"25,088",,"25,560"
,,,,,,,,,,,,
Revenue Sources:,,,,,,,,,,,,
,Revenue From Local Sources,,,,,,,,,,,
,,Real Estate,,,,,,0,,"25,088",,"25,560"
,,,,,,,,,,,,
,,Fund 312 Revenue Totals,,,,,,0,,"25,088",,"25,560"
,,,,,,,,,,,,
313 Chesopeian Colony Dredging SSD,,,,,,,,,,,,
Appropriation Units:,,,,,,,,,,,,
,,,,,,,,,,,,
,Transfer to Other Funds,,,,,,,0,,0,,"211,391"
,,,,,,,,,,,,
,,Fund 313 Appropriation Totals,,,,,,0,,0,,"211,391"
,,,,,,,,,,,,
Revenue Sources:,,,,,,,,,,,,
,Revenue From Local Sources,,,,,,,,,,,
,,Real Estate,,,,,,0,,0,,"211,391"
,,,,,,,,,,,,
,,Fund 313 Revenue Totals,,,,,,0,,0,,"211,391"
,,,,,,,,,,,,
314 Harbour Point Dredging SSD,,,,,,,,,,,,
Appropriation Units:,,,,,,,,,,,,
,,,,,,,,,,,,
,Transfer to Other Funds,,,,,,,0,,0,,"15,450"
,,,,,,,,,,,,
,,Fund 314 Appropriation Totals,,,,,,0,,0,,"15,450"
,,,,,,,,,,,,
Revenue Sources:,,,,,,,,,,,,
,Revenue From Local Sources,,,,,,,,,,,
,,Real Estate,,,,,,0,,0,,"15,450"
,,,,,,,,,,,,
,,Fund 314 Revenue Totals,,,,,,0,,0,,"15,450"
,,,,,,,,,,,,
540 General Government Capital Projects Fund,,,,,,,,,,,,
Appropriation Units:,,,,,,,,,,,,
,,,,,,,,,,,,
,Building Capital Projects,,,,,,,0,,"1,641,287",,"1,553,806"
,,,,,,,,,,,,
,Coastal Capital Projects,,,,,,,0,,"5,439,490",,"5,670,505"
,,,,,,,,,,,,
,Communications and Information Technology Projects,,,,,,,0,,0,,"5,167,994"
,,,,,,,,,,,,
,Economic and Tourism Development Capital Projects,,,,,,,0,,"4,149,297",,"4,218,689"
,,,,,,,,,,,,
,Parks and Recreation Capital Projects,,,,,,,0,,"7,825,198",,"5,794,752"
,,,,,,,,,,,,
,Roadways Capital Projects,,,,,,,0,,"10,581,817",,"6,396,503"
,,,,,,,,,,,,
,,Fund 540 Appropriation Totals,,,,,,0,,"29,637,089",,"28,802,249"
,,,,,,,,,,,,
Revenue Sources:,,,,,,,,,,,,
,,,,,,,,,,,,
,Transfers from Other Funds,,,,,,,"23,452,415",,"29,637,089",,"28,802,249"
,,,,,,,,,,,,
,,Fund 540 Revenue Totals,,,,,,"23,452,415",,"29,637,089",,"28,802,249"
,,,,,,,,,,,,
541 Water and Sewer Capital Projects Fund,,,,,,,,,,,,
Appropriation Units:,,,,,,,,,,,,
,,,,,,,,,,,,
,Water and Sewer Capital Projects,,,,,,,0,,"8,000,000",,"8,000,000"
,,,,,,,,,,,,
,,Fund 541 Appropriation Totals,,,,,,0,,"8,000,000",,"8,000,000"
,,,,,,,,,,,,
Revenue Sources:,,,,,,,,,,,,
,,,,,,,,,,,,
,Transfers from Other Funds,,,,,,,"8,000,000",,"8,000,000",,"8,000,000"
,,,,,,,,,,,,
,,Fund 541 Revenue Totals,,,,,,"8,000,000",,"8,000,000",,"8,000,000"
,,,,,,,,,,,,
,,,,,,,,,,,,
Fiscal Year 2014 - 15,,,,,13,,,,Appendix,,,
"City of Virginia Beach, Virginia",,,,,,,,,,,,
Expenditures and Revenues,,,,,,,,,,,,
,,,,,,,,,,,,
,,,,,,,,,,FY 2013-14,,FY 2014-15
,,,,,,,,,,,,
,,,,,,,,FY 2012-13,,Adjusted,,Total
,,,,,,,,,,,,
,,,,,,,,Actuals,,Budget,,Request
,,,,,,,,,,,,
555 Storm Water Capital Projects Fund,,,,,,,,,,,,
Appropriation Units:,,,,,,,,,,,,
,,,,,,,,,,,,
,Storm Water Capital Projects,,,,,,,0,,"13,962,480",,"9,062,480"
,,,,,,,,,,,,
,,Fund 555 Appropriation Totals,,,,,,0,,"13,962,480",,"9,062,480"
,,,,,,,,,,,,
Revenue Sources:,,,,,,,,,,,,
,,,,,,,,,,,,
,Transfers from Other Funds,,,,,,,"14,202,870",,"13,962,480",,"9,062,480"
,,,,,,,,,,,,
,,Fund 555 Revenue Totals,,,,,,"14,202,870",,"13,962,480",,"9,062,480"
,,,,,,,,,,,,
908 City Beautification Fund,,,,,,,,,,,,
Appropriation Units:,,,,,,,,,,,,
,,,,,,,,,,,,
,Parks and Recreation,,,,,,,"31,859",,"72,500",,"100,000"
,,,,,,,,,,,,
,,Fund 908 Appropriation Totals,,,,,,"31,859",,"72,500",,"100,000"
,,,,,,,,,,,,
Revenue Sources:,,,,,,,,,,,,
,Revenue From Local Sources,,,,,,,,,,,
,,Charges for Services,,,,,,652,,0,,0
,,Miscellaneous Revenue,,,,,,"135,665",,"72,500",,"100,000"
,,,,,,,,,,,,
,,Fund 908 Revenue Totals,,,,,,"136,317",,"72,500",,"100,000"
,,,,,,,,,,,,
909 Library Gift Fund,,,,,,,,,,,,
Appropriation Units:,,,,,,,,,,,,
,,,,,,,,,,,,
,Library,,,,,,,"13,553",,"7,000",,"15,000"
,,,,,,,,,,,,
,,Fund 909 Appropriation Totals,,,,,,"13,553",,"7,000",,"15,000"
,,,,,,,,,,,,
Revenue Sources:,,,,,,,,,,,,
,Revenue From Local Sources,,,,,,,,,,,
,,Miscellaneous Revenue,,,,,,"192,574",,"7,000",,"15,000"
,,,,,,,,,,,,
,,Fund 909 Revenue Totals,,,,,,"192,574",,"7,000",,"15,000"
,,,,,,,,,,,,
910 Parking Meters - Homeless Donation Fund,,,,,,,,,,,,
Appropriation Units:,,,,,,,,,,,,
,,,,,,,,,,,,
,Housing and Neighborhood Preservation,,,,,,,644,,"10,000",,"5,000"
,,,,,,,,,,,,
,,Fund 910 Appropriation Totals,,,,,,644,,"10,000",,"5,000"
,,,,,,,,,,,,
Revenue Sources:,,,,,,,,,,,,
,Revenue From Local Sources,,,,,,,,,,,
,,Miscellaneous Revenue,,,,,,"2,691",,"10,000",,"5,000"
,,,,,,,,,,,,
,,Fund 910 Revenue Totals,,,,,,"2,691",,"10,000",,"5,000"
,,,,,,,,,,,,
911 Parks and Recreation Gift Fund,,,,,,,,,,,,
Appropriation Units:,,,,,,,,,,,,
,,,,,,,,,,,,
,Parks and Recreation,,,,,,,"32,712",,"55,000",,"55,000"
,,,,,,,,,,,,
,,Fund 911 Appropriation Totals,,,,,,"32,712",,"55,000",,"55,000"
,,,,,,,,,,,,
Revenue Sources:,,,,,,,,,,,,
,Revenue From Local Sources,,,,,,,,,,,
,,From the Use of Money and Property,,,,,,333,,0,,0
,,Miscellaneous Revenue,,,,,,"35,643",,"55,000",,"55,000"
,,,,,,,,,,,,
,,Fund 911 Revenue Totals,,,,,,"35,976",,"55,000",,"55,000"
,,,,,,,,,,,,
,,,,,,,,,,,,
Fiscal Year 2014 - 15,,,,,14,,,,Appendix,,,
"City of Virginia Beach, Virginia",,,,,,,,,,,,
Expenditures and Revenues,,,,,,,,,,,,
,,,,,,,,,,,,
,,,,,,,,,,FY 2013-14,,FY 2014-15
,,,,,,,,,,,,
,,,,,,,,FY 2012-13,,Adjusted,,Total
,,,,,,,,,,,,
,,,,,,,,Actuals,,Budget,,Request
,,,,,,,,,,,,
,,,,,,,,,,,,
Grand Total Of All Funds,,,,,,,,,,,,
,,,,,,,,,,,,
Total Appropriations for all Funds,,,,,,,,"1,315,668,408",,"2,271,326,073",,"2,328,812,734"
Less Interfund Transfers,,,,,,,,"500,032,644",,"490,673,261",,"495,977,325"
Net Appropriations Totals,,,,,,,,"815,635,764",,"1,780,652,812",,"1,832,835,409"
,,,,,,,,,,,,
Revenue Sources Totals,,,,,,,,"1,790,385,361",,"2,271,326,073",,"2,329,648,065"
Less Interfund Transfers,,,,,,,,"500,032,644",,"490,673,261",,"495,977,325"
Net Revenue Totals,,,,,,,,"1,290,352,717",,"1,780,652,812",,"1,833,670,740"
,,,,,,,,,,,,
,,,,,,,,,,,,
Fiscal Year 2014 - 15,,,,,15,,,,Appendix,,,